Product_ID,Product_Category_Name,Product_Weight_Gr,Product_Length_Cm,Product_Height_Cm,Product_Width_Cm
00066f42aeeb9f3007548bb9d3f33c38,Perfumery,300,20,16,16
00088930e925c41fd95ebfe695fd2655,Auto,1225,55,10,26
0009406fd7479715e4bef61dd91f2462,Bed_Bath_Table,300,45,15,35
000b8f95fcb9e0096488278317764d19,Housewares,550,19,24,12
000d9be29b5207b54e86aa1b1ac54872,Watches_Gifts,250,22,11,15
0011c512eb256aa0dbbb544d8dffcf6e,Auto,100,16,15,16
00126f27c813603687e6ce486d909d01,Cool_Stuff,700,25,5,15
001795ec6f1b187d37335e1c4704762e,Consoles_Games,600,30,20,20
001b237c0e9bb435f2e54071129237e9,Bed_Bath_Table,6000,40,4,30
001b72dfd63e9833e8c02742adf472e3,Furniture_Decor,600,26,8,22
001c5d71ac6ad696d22315953758fa04,Bed_Bath_Table,1800,47,21,41
00210e41887c2a8ef9f791ebc780cc36,Health_Beauty,300,30,15,15
002159fe700ed3521f46cfcf6e941c76,Fashion_Shoes,1850,36,37,16
0021a87d4997a48b6cef1665602be0f5,Computers_Accessories,650,25,10,15
00250175f79f584c14ab5cecd80553cd,Housewares,750,30,5,35
002552c0663708129c0019cc97552d7d,Cool_Stuff,355,22,16,12
002959d7a0b0990fe2d69988affcbc80,Furniture_Decor,2600,105,3,70
002af88741ba70c7b5cf4e4a0ad7ef85,Cool_Stuff,600,40,30,40
002c6dab60557c48cfd6c2222ef7fd76,Toys,350,45,30,30
002d4ea7c04739c130bb74d7e7cd1694,Pet_Shop,200,20,11,11
002ec297b1b00fb9dde7ee6ac24b6771,Housewares,150,20,10,15
0030026a6ddb3b2d1d4bc225b4b4c4da,Sports_Leisure,800,25,25,25
0030e635639c898b323826589761cf23,Garden_Tools,1550,26,6,20
003128f981470c3e5a2e7445e4a771cd,Sports_Leisure,1550,16,10,16
0036bb031e69d915cd384d1b3838b5d3,Garden_Tools,200,18,5,13
003938452c98ff9ab28e9e7b4bfe97ab,Furniture_Living_Room,5050,50,8,50
003962cb74a8b43cf1034fed541a76f0,Luggage_Accessories,1000,16,46,36
003a31970fea14fffe92ac856b8a9b97,Home_Construction,1850,45,12,45
003c0b8f6580c850bd2e32044d2ac307,Kitchen_Dining_Laundry_Garden_Furniture,21100,100,20,60
003dbcabcf8e3231de657c7d9f9a5eba,Sports_Leisure,1800,30,22,22
004154251837f6ac124ad4374b3a8148,Furniture_Decor,150,35,2,25
0042f1a9a7e0edd1400c6cd0fda065f8,Health_Beauty,175,23,11,13
0043c62d00db47eff6a6bc4cf6bfaeda,Sports_Leisure,380,18,12,14
0043d1a25ef08fb6f41b8fa6f91742ab,Construction_Tools_Construction,20400,30,30,30
0044d70d4e53450c0fbb8255446a797b,Sports_Leisure,200,20,18,18
004552d98c5d3653af8b4dbe8def0048,Furniture_Decor,900,100,11,12
004636c889c7c3dad6631f136b7fa082,Housewares,550,30,10,25
004ffcbfa5aac82212a95bc972ea8a85,Furniture_Bedroom,10000,65,35,35
005030ef108f58b46b78116f754d8d38,Perfumery,50,16,5,11
005c6b24cc96dca3e2c01e824401030e,Fashion_Male_Clothing,400,17,7,20
0060b415594c5e1200324ef1a18493c4,Sports_Leisure,1200,20,20,20
00636f9286f69c9f1bdabe76e670fb50,Furniture_Decor,500,25,2,17
006508eabcc19ae52ed87323124ad0e9,Construction_Tools_Safety,246,22,15,19
006619bbed68b000c8ba3f8725d5409e,Health_Beauty,150,16,7,15
0067f97995b0c3a86739734dc87ee6b6,Fashion_Bags_Accessories,200,16,2,11
006baa9a5b8f95895f15273a35bc2664,Sports_Leisure,950,60,15,15
006c67546bfe73c33b83f6bd1ad58c36,Auto,4550,47,19,23
00716e5593e8eea55dbe7a29b72a70bc,Diapers_And_Hygiene,250,20,20,20
00738f5a17ec4450e88915357b085c1e,Toys,600,17,15,22
0075c14603d80515e20908c156ceb47b,Sports_Leisure,150,16,18,16
007c63ae4b346920756b5adcad8095de,Housewares,2800,30,30,30
0081787b18cce4acc2d1adec4520d7ba,Construction_Tools_Safety,1340,32,14,27
0082684bb4a60a862baaf7a60a5845ed,NULL,500,24,4,15
0085dddda27567189f1dfd1eda7c286e,Bed_Bath_Table,1800,40,8,30
008686d56f4c85b987a4c24a286834c1,Bed_Bath_Table,2200,37,10,32
00878d953636afec00d3e85d55a12e7f,Health_Beauty,2550,38,42,25
008b0ec3de3638637099f97add750136,Health_Beauty,690,17,17,13
008b51e6be49ee039854b5e35c331b02,Watches_Gifts,633,19,12,17
008cff0e5792219fae03e570f980b330,Sports_Leisure,1550,40,20,20
00905d58c87afcbce21420b3712cacaa,Bed_Bath_Table,3875,46,12,43
00917855135d67fb060dcd81863166a4,Computers_Accessories,1133,16,16,11
0091d85023824de2d33252310c952307,Housewares,450,16,24,11
00929aaa7751a77220db9caa1ae6d3ab,Housewares,2800,50,35,15
0092a9e1c8a471753ed7ffa7eef5086e,Health_Beauty,350,16,16,16
00989337a1916a0055eedd1fdb35eb53,Furniture_Decor,800,40,5,11
009af1277432f1a05742df69cdf72d1e,Toys,700,20,35,20
009c09f439988bc06a93d6b8186dce73,Perfumery,150,20,20,20
009df2b0bc078648fc4f5898de8cabff,Auto,23250,50,20,20
00a0db09dc7c94d512ec51900141ed69,Computers_Accessories,400,23,7,15
00a8c742ae1da97e9064205459977e6c,Computers_Accessories,150,16,23,13
00a985c524adbb97a4211e4ce17aabec,Telephony,250,17,4,12
00aa70fd749f3b9ce8ca4bc914a9e7b1,Furniture_Decor,700,16,16,16
00ab8a8b9fe219511dc3f178c6d79698,NULL,2100,50,30,30
00ae7076313576f94d9107599d79a978,Sports_Leisure,600,22,33,16
00b264091d1c8df03976c3f3b176b35c,Auto,250,16,16,16
00b4155166f994ba9da3cf001eb80505,Housewares,1125,28,15,23
00b782074a5ec523bf31951b4935d572,Telephony,250,16,5,11
00ba6d766f0b1d7b78a5ce3e1e033263,Housewares,7850,28,62,28
00baba5b58e274d0332a0c8a0a66f877,Perfumery,200,18,7,12
00bb62ea3729537a687c3fddcd123662,Auto,12100,60,60,20
00bc6e6d4ceb98ec7ed058b0a243a8b9,Christmas_Supplies,200,16,11,11
00be617b58175bf207fd35910d5097a4,Bed_Bath_Table,900,45,15,35
00c1e6d55fe174bfbb179257255e49bb,Cool_Stuff,187,17,13,14
00c3e35b00dd00ab864d4a94c1b97e66,Perfumery,512,30,12,18
00c407e056c74eb8040a1233ca6da16f,Stationery,650,35,15,28
00c744ca2f3b0e76ce227b146095d3f9,Toys,350,17,15,17
00c794371af4dc7c5b6ba3ef913556bb,Fixed_Telephony,150,16,4,13
00cc15e0cef551848c797ab75ba904b1,Watches_Gifts,300,19,10,15
00cf06147ed4880ec5fbba2adbb20e1d,Books_General_Interest,350,24,5,17
00d2add85b1f5aba6bb3d5d977314e25,Home_Construction,9050,56,26,28
00d2fa6f2a87633084c8e0400d41a65a,Bed_Bath_Table,18550,54,35,45
00d363b8c14bb9a6c73febc4c42acf47,Consoles_Games,200,16,16,11
00d51a45854ebce28acda79f414388ee,Housewares,225,16,4,14
00d62b338366db4c4aec8547ea8f928e,NULL,400,24,4,15
00d62d0388b0786d730a1aaed91c0ae0,Furniture_Decor,300,16,30,20
00d93a09990b319a7c946ed7a8c67656,Furniture_Decor,3400,42,16,26
00dc8a1b2de45a7fca5921544e5f351d,Computers_Accessories,1550,42,17,17
00ddaddbe03b7103d80daee96892363f,Telephony,200,19,4,11
00de606a5dda99c2499f94ef18282977,Auto,1650,60,8,33
00de7f393d962717eeeb2d7131a40dba,Telephony,300,16,5,12
00df6fc5f33cc3f7ceec4ec6337d9cd7,Watches_Gifts,500,20,15,17
00e040fed5fb843e28740181ddca3521,Telephony,400,17,4,12
00e2784f846618842151d40ec730ece0,Furniture_Decor,800,21,34,34
00e32638060f6356e6f00749dc466b5c,Sports_Leisure,7050,20,105,20
00e41fb1706dc56cc3bbdd2c1d6df362,Furniture_Decor,500,40,15,40
00e437f5e55fc5a62e4ef2f84f41b5fb,Furniture_Decor,550,40,5,30
00e4ded51458037ecda216453eb79d3c,Computers_Accessories,1400,25,15,25
00e62bcf9337ca4c5d5b4c5c8188f8d2,Health_Beauty,700,41,9,11
00e928700d549c4173b1bf631ca30abf,Sports_Leisure,300,20,3,15
00efb9a8ce0cf3b2f37892ab003edc10,Sports_Leisure,2217,49,35,47
00f179926ae5965cd6ff548d765d8a61,Computers_Accessories,133,17,6,12
00f2fa1c4397392f20e5627e3220accd,Housewares,7850,25,52,37
00f42e56821b1779fbf397fe72639054,Furniture_Decor,750,50,10,50
00f8c37377b038c9c791128d2f928111,Electronics,100,19,15,17
00faa46f36261af8bbf3a4d37fa4841b,Fashion_Bags_Accessories,100,21,9,14
00fd6afd95fe066db8433832180a5369,Telephony,299,14,11,13
00fefaf41156bb4b0d850fb27da97897,Sports_Leisure,100,20,18,18
00ffe57f0110d73fd84d162252b2c784,Housewares,16000,16,2,11
0103208eb1ea5a1a7359c0251a65e37a,Toys,1600,35,17,35
0103863bf3441460142ec23c74388e4c,NULL,200,16,2,11
0105b5323d24fc655f73052694dbbb3a,NULL,2839,19,16,18
01078a94cb29913dfda1a962fd4e3400,Toys,268,32,15,30
01084e8138d03dc691daa19aa6c12471,Furniture_Decor,1390,18,11,25
010951987d78f9d52fbf50a43b690ba1,Computers_Accessories,1100,40,20,20
010a3a47c14f1295796c08419f32cef6,Telephony,200,19,5,11
010c38887e6a41a5acfea2687515b254,Furniture_Decor,1400,30,5,20
010c79af51e82f60de174b6da6060c0a,Toys,192,20,16,12
010c988805cc0a13b9ba455ffc6c8510,Stationery,200,24,7,14
010f24a605e8431fc68562e597f80d63,Computers_Accessories,500,16,15,15
0110573bc9195aa810a4384f189f48f5,Furniture_Decor,3900,63,11,43
0110986ff84d644fee920efb18577292,Auto,2900,72,4,44
0111ab6fb41da433e0f17d3f4ec2c8f5,Toys,500,23,8,25
0112c32bab2fb9a2147b92cdd5f1d3e7,Cool_Stuff,800,33,15,30
011377a7487fef47fc9e73fa5f7322a6,Baby,1875,29,22,26
0116f3b947377cccf0135f8071b54d74,Sports_Leisure,1050,40,20,20
01175f0c6182b4410c669417d7e8268f,Toys,600,42,7,42
011967a30ceeaa86acb72e79664544ad,Sports_Leisure,4100,17,105,12
011ae9863bd5b15e528a16dd8ceb4772,Toys,1575,19,51,20
011bb8a6af5178b33871a83c4f297d32,Computers_Accessories,600,36,9,13
011be89e68e286ac07f51c22ecbb04aa,Sports_Leisure,450,25,15,28
011c2759ca1a29c74ecd8bfa48d0ac14,Housewares,450,20,10,20
01217a683550744160a91eaa46a92305,Perfumery,1300,25,20,16
0124d1581f26143e988b8e1a4b7adab7,Housewares,250,16,22,16
0127db1f4effcf8f5b88d80588bc5624,Watches_Gifts,200,20,7,15
0129d1e9b29d3fe6833cc922374cd252,Consoles_Games,100,20,3,15
012dd0e1c1f14325ee35f06748329355,Health_Beauty,490,30,5,25
0130c4375ccbe30dbfa676abd076a056,Housewares,1038,40,36,13
013298e0648d412de0d65690045493bc,Perfumery,350,17,16,17
0134eb6b933b7ebc0f9e24ae5abefaa0,Home_Appliances,1150,55,19,46
0135900191d4383219257d6fde585ccf,Pet_Shop,14475,70,28,48
01365901d8f2247976a7e5d4c98c52c0,Watches_Gifts,250,16,2,20
0138b665025e0b24bfa6206d97b0f117,Furniture_Decor,1000,44,4,44
013b5dd7d319685753e2c12292975615,Kitchen_Dining_Laundry_Garden_Furniture,10100,65,63,64
013c4b7963865454407e0c79047636c3,Sports_Leisure,1075,38,10,25
013cc658e88b36989b48b2bd5f7add59,Sports_Leisure,1050,30,25,25
013e6676e0e3529e5909ff54370daddf,Computers_Accessories,1088,33,20,15
013ee64977aaa6b2b25475095162e0e9,Bed_Bath_Table,1350,45,10,55
013fef6ee8c8f3ff998e8f0a950a0495,Housewares,150,35,16,16
0141015d2469c1c5f9d7d377d1cdb44a,Furniture_Living_Room,17800,70,15,24
0141f5b2fc5389a8b247ae23b58482ef,Watches_Gifts,240,16,11,12
01422266d7a3131403364787ef9dab11,Cool_Stuff,450,40,4,30
0142fd5bd2e0923cf2dbc73d471dda34,Fashion_Shoes,1400,22,12,33
014a8a503291921f7b004a5215bb3c36,Baby,150,16,7,11
014d94f219fbff1166b9cf700eee36b2,Watches_Gifts,400,18,12,12
014fcf6bd5cd4c7ee29fb3bb618c445e,NULL,7000,55,30,45
01503fbd89d42654631476b292b8bc8c,Sports_Leisure,400,30,30,30
0152cb427657428c06633fce6d721da4,Food,150,22,4,17
0152f69b6cf919bcdaf117aa8c43e5a2,Bed_Bath_Table,250,40,4,30
01545847403c0f1e69d76654d66be35c,Pet_Shop,450,38,4,38
015527ec9502daa03dfd0e22ef1d1288,Housewares,200,25,10,11
01586bfbe1d5449887f1cac4ad1fbd02,Fixed_Telephony,125,17,6,13
01593b27eef404f592e6a3f1174493bf,Cool_Stuff,2000,50,40,30
015dfd6612249811b2e147c1f3be048f,Housewares,300,17,28,11
015e04445dedbd5da301ef29cbb03f83,Bed_Bath_Table,550,70,10,40
015e652da4f31f2f7a051a6de66094c0,Bed_Bath_Table,700,22,13,16
015ec57b45a4c3efc70288eb133d623a,Health_Beauty,750,28,4,18
015f06d7b83e5a6f7d1765fb5d8bdfa6,Fashion_Male_Clothing,400,16,2,11
01604238fbc11ce379e537a76b26bc94,Electronics,125,21,17,17
0160785b697a5ea87d52949bd097ce05,Luggage_Accessories,14000,26,66,46
0160814e8c847c018da9cf3e01c271be,Health_Beauty,400,16,19,11
0164201c7c8b81dc5779e015e2d7be59,Bed_Bath_Table,600,32,5,30
016711f78a6a87696645db0a6a834826,Health_Beauty,1150,27,22,39
0167ff78aa8cd40d5432d3daae646c7a,Furniture_Decor,700,33,4,24
016809bbae76f284266dcffcbb12480b,Luggage_Accessories,600,50,5,40
0168e1b28d8e55a515928cf656eff0a4,Auto,950,22,19,19
016becd5c493d3b3872aaa7294accf52,Sports_Leisure,1071,17,21,15
016cae136d358dcdacbd7ac9f1864c09,Sports_Leisure,300,30,5,20
016f3b29107ed03252e477b08445cec4,Auto,3500,25,5,25
017066298c485af1e19e55363f5dc362,Sports_Leisure,100,19,4,11
017457b0013d01d5a5a4a020ed1f14b9,NULL,2200,28,20,14
0174eb125f49a617bd9c6277e5aa76a9,Home_Appliances,250,27,13,17
0176300ac9900e260f35fbddd71c6d92,Home_Appliances,200,27,12,17
017692475c1c954ff597feda05131d73,Perfumery,50,16,5,11
0176bf7839ab4e611dc01cdc3ef6f4e4,Cool_Stuff,1600,33,44,19
017e3ffa31fcd2f8061fa66a9e486381,Watches_Gifts,700,19,9,15
017e8dcb2e1a468d46e6e80fd694c5ec,Auto,1150,55,12,35
0182796b487918d688ba48cf3a0d1bf4,Cool_Stuff,2300,33,44,19
0182db9fc95fd36e324e8a4c40c0819a,Baby,2400,35,10,30
01847cb3f55acfd629641e58e38e561e,Garden_Tools,800,17,10,12
01849445c151d94a1f0cfff03c9ed154,Bed_Bath_Table,1200,34,6,41
0185e6719ca5c224fc53853997fa3f68,Bed_Bath_Table,1600,40,15,35
0185f302dc17abf603edfe7929a0120a,Auto,10600,78,4,47
01880e9ca075037ac0520fb94c07a79a,Auto,550,17,5,12
01886ce599b5837b3e1966cdafacd080,Bed_Bath_Table,1000,50,12,12
018ca97302e4293050cc41413194bb19,Agro_Industry_And_Commerce,2467,28,26,24
018e4943e4cc9ed099f6fc1a7b65b07d,Housewares,300,19,12,12
019003324f0a201dd2c8962beaf94b6d,Books_Imported,250,33,2,23
0192191cc1bc83262d6667c54c2e048f,Fashion_Shoes,850,22,12,33
0193fc18d9a6e9b9b0b3a41768fefa12,Baby,500,39,6,27
01948c8dbac93beb665f136bccd530d8,Consoles_Games,550,20,30,20
0198a991deae439205851e71a7b0bdf7,Furniture_Decor,12600,74,8,74
019d8b8866a5555ac955b45ffd35e039,Bed_Bath_Table,1400,28,9,25
01a0f7d0d081d619be810e512be45f97,Bed_Bath_Table,4517,57,17,35
01a184b7d8422cd95e9cf2a8cff32b5e,Housewares,1287,32,25,35
01a2ad2b54cd734f78cb817da7752d8b,Perfumery,430,19,14,12
01a5038835acf17f141c7247956b72d6,Bed_Bath_Table,1350,34,7,32
01a52711e989a817ab8100ddcf8d2940,Health_Beauty,1500,16,35,11
01a630ec9b9f9387e5a91c1f83bd209b,Furniture_Decor,300,27,13,16
01a88bd2633c52bcc66348307cb3ae15,Auto,11800,61,61,19
01a900ffd5609ad754c38f9dcbce8c6d,Sports_Leisure,700,28,25,25
01a9707790aab6855a6438b92c4c396b,Housewares,400,16,16,15
01a977e282d5884149e79181506c0941,Toys,900,23,25,11
01aa9c122bda45bcbf7edd32fbc36d23,Furniture_Decor,14700,100,55,16
01aace6e8152ecaf9eb47678521069c6,Computers_Accessories,475,19,5,15
01af6a4592d74b6d41ceeede0bd8b417,Sports_Leisure,6600,105,15,25
01b0238705b6ae8e35c6fea837e6ae4a,Health_Beauty,900,20,4,11
01b154ceb5457897eb28b9e549f28219,Stationery,400,25,10,17
01b25153516d822621a92f9ce0b03e17,Housewares,650,18,20,17
01b660ebc1a0c293ccf9b117fa6dd8bb,Housewares,350,60,10,15
01b8234bc0c131e61acb47932d0bc25f,Sports_Leisure,200,20,15,20
01b864cf36d60d972e2e29d8c5084d64,Bed_Bath_Table,2400,42,11,36
01bacce2c74317ed2524bcaabae2e9d4,Housewares,1000,38,39,38
01bc2a3c12d6e588aecb54ffad194c13,Sports_Leisure,4350,20,20,20
01bd9be7c04525d23a4a901b4abbf56c,Housewares,8150,40,11,40
01c2e91674406ebaca6a1bbf7f61c3f0,Computers_Accessories,600,23,16,16
01c3486b189d16ad1b35270d5881e5a4,Baby,9750,38,38,35
01c666c82f414c762ad21bffa56e8b49,Toys,50,25,11,15
01c69d0fbb0d9d8f42ac171ac1238233,Health_Beauty,30000,55,75,61
01c96f284d6c40f92f25142a59328511,Garden_Tools,3750,27,19,22
01c9a70868bec5b748c67fcc26ce5895,Toys,750,30,17,30
01caf54032309b518a584331b8a673f6,Luggage_Accessories,800,46,10,32
01cb96c64e8e35f29826a58963f6ecc5,Construction_Tools_Lights,7100,43,23,43
01cda14e6051f3dcf61bb80abf210b79,Computers_Accessories,150,17,9,12
01cdc6fbdb39fc792bb4c40164ce2331,Auto,7050,102,4,41
01cf56cd6138b926a4802d16fc304149,Electronics,100,16,16,16
01cf7c4cffff8db0a1cbe612bd2d50a4,Furniture_Decor,800,40,5,11
01cf8c7364048b4b6ed0fe400667054d,Toys,1200,30,16,20
01cfc3d9c29504c2d370933e53f002b4,Perfumery,400,23,8,15
01d15932271068f9fd1f369b8449cac1,Cool_Stuff,4900,78,2,62
01d40fca05c4227b987ee069be837b49,Construction_Tools_Lights,9700,20,16,101
01d4157fd9738ea81038316ae4cfc192,Bed_Bath_Table,355,34,21,40
01da7f08d8327e0b4fab7edaa0c417a4,Telephony,350,16,3,11
01e20e6604216c8adb31d463214ba00c,Home_Construction,300,16,11,16
01e25be2c25019945382e057a8292e72,Bed_Bath_Table,1575,41,6,31
01e66dc5bf4d5a186d856506a4f0fea2,Sports_Leisure,200,26,5,13
01ea398598302b06869909ac5bfa5bcf,Housewares,5000,35,28,32
01ea47d0dff23faa8d07ba3f353d2af0,Auto,300,16,2,11
01ebdb7ca76a3c581c0d5229ed80be7c,Garden_Tools,600,16,31,18
01ece5f98b5fe510881404f92229a49f,Bed_Bath_Table,900,16,10,16
01ecf875ab885ebcae3dd2b1ccc4715f,Electronics,550,30,20,30
01ef0716b68c8493434ad32430c24e18,Bed_Bath_Table,1250,16,10,16
01f1608fbd6fc5b04308ff6157326e6d,Telephony,150,19,4,11
01f2d77d8a63937c77c7128ce4bd2ada,Auto,650,60,6,33
01f3a99b81f49109d42540d84bcb8e07,Sports_Leisure,248,32,21,23
01f76c07f91a533acd46cc6ab989be23,Fashion_Shoes,750,22,12,33
01fc56750f0d3444c4a1746ecf19dee0,Sports_Leisure,800,16,16,16
01fd8a430d3bea327b7c71e651391001,Consoles_Games,100,26,3,14
01ff1ff8aa5dec93e9938b989393a4ca,Perfumery,350,18,13,18
02032c15ca85744c99aa99583e824a90,Stationery,100,16,5,16
02034d6c9c4814a08a3a0f5a6ad84332,Computers_Accessories,200,18,8,16
02044dc95cf33aaf55e03bde1b042539,Computers_Accessories,150,31,8,11
02064a5bc5d3656476e9dab151c69989,Auto,450,16,5,11
02090f97a28b3d10d19a09f045f6df34,Watches_Gifts,375,18,12,12
020a80cb704bf65f38761fcedf2af192,Auto,800,26,9,24
0210b75f6f4de09dfc17a66803290f8a,Drinks,1800,35,20,20
021426c19c264227de3c34e3f5e2f4ee,Pet_Shop,1750,40,16,30
0214e4741dab5812bb31a61af1dc3de5,Bed_Bath_Table,2100,45,15,35
021c41b063949bf529b79289c58e0a8b,Pet_Shop,550,20,40,20
021d39ee869e87d5288f4e731df4a90e,Housewares,10350,102,15,40
021f04378f9692f8747f926f38bb8281,Garden_Tools,16150,62,12,50
022649cdc8ef07dddfa3de3409647e00,Costruction_Tools_Tools,825,21,16,16
0226c9207aea0b16076a27ca65cb4929,Perfumery,600,20,8,14
02293621a345f7cddda16c5d9c7990e4,Telephony,217,17,4,12
022b0ef3922883f810bdff4d58e93115,Auto,1625,60,8,33
022ff42cced44a2b2cca57061cabb526,Sports_Leisure,3900,32,35,33
0233382eae30811d6dfffbbfb5de36d8,Construction_Tools_Construction,10750,54,18,35
02335f37af17baf50a91273e4bdc8ef4,Toys,450,29,16,11
0233dd6f06e23c705ab76dc3ab165837,Cool_Stuff,100,20,16,16
023473d9db1c319f2bcd010e043b2ba2,Furniture_Decor,18050,51,8,51
02357c69f595e004b50ba115b3f88d63,Cool_Stuff,4000,43,35,18
023a60ac6b3484afe23d788ce2444df0,Bed_Bath_Table,14300,45,15,35
023d0e2e8457861c3badfb5fa7bcd58a,Telephony,150,18,3,12
024063adde9af865418b7da3dd897b98,Sports_Leisure,450,20,9,14
0241aa4ed831b73fd4940ffd9cec20dc,Home_Appliances_2,8400,46,44,28
024553ca83fc6e9ec93f5a9c823d1834,Health_Beauty,2000,30,12,16
02475368dfb38934fe55f574024fe1d7,Watches_Gifts,250,16,2,11
025249b91a565601dc1b8f47ee7a230e,Watches_Gifts,500,16,13,13
0254806b6c237bd1f21cae60ea8d1533,Furniture_Decor,7183,56,56,18
0254a096e569c4a89b6870e9d4a65c3c,Stationery,600,25,12,28
0254d6e0da36c6f28720f89cde66819a,Health_Beauty,361,16,17,15
0257013d9462b3b6e9892bdd10ebe14d,Fashion_Bags_Accessories,300,20,10,20
0259a8068ce1198d4370abb0d3c2e576,Auto,500,21,9,12
0259ef48d9c5f59c3b31147c52db801d,Housewares,3650,37,25,30
025dcf8f0a969c92d254bc425b380685,Auto,150,16,7,16
025dd9fac2544d8e7e3451ec87bc6511,Bed_Bath_Table,1100,95,8,50
02623b0e4e6b951aefb23575de1f3886,Housewares,1600,25,10,20
026311ea0b72ef8c80ebf91efd36b499,Baby,300,18,8,24
0268130c8c3e3cac87b5ec4931348c73,Stationery,1400,25,20,20
0269bdfd3a4f3d384753cbadc1d742be,Housewares,350,17,28,11
026b77b15418f2a8114dfb0026739be4,Sports_Leisure,378,21,14,14
026d610705e01d905582241e68aefefe,Stationery,500,20,30,20
026ddfe4a1a29002815e6da024d6128e,Electronics,550,16,5,20
026f43af35e7951067097527d5c31bcc,Agro_Industry_And_Commerce,10317,52,33,43
02706657691ad03bacea6d0d0d69d13d,Small_Appliances,4550,23,54,25
0271c9f7fe6a29e563ddb672cdcc2968,Health_Beauty,400,18,18,17
027293c3b6d9e221268d9d6a5ffe5d0b,Industry_Commerce_And_Business,30000,80,50,50
027325f946f1b3d8f94c3496e9a59a10,Construction_Tools_Safety,300,20,20,20
027bb42a4ef22da4c7a80ecf9c60ba0c,Telephony,300,16,6,11
027cdd14a677a5834bc67a9789db5021,Perfumery,341,20,18,16
027e1564c58eb02f39089b2b1f28d5e0,Fashion_Shoes,1400,22,12,33
0281221c8b9fdc713111952393cba4f3,Fashion_Bags_Accessories,150,20,10,20
02834e5af210b8a2593eb81eecf40707,Computers_Accessories,945,23,14,24
02851253400fd18410f8eb4369cff9e1,Garden_Tools,3900,45,6,38
0285a1295a18a4d37c11fa446d4c1345,Dvds_Blu_Ray,200,20,2,14
0288532d075e4bf58e044c92e68c94cd,Books_Technical,1000,16,2,11
0288f8dd74b931b4ec7a468fdd6ed040,Toys,500,20,20,20
028b0b0277744a9eaa2c4f57c24dcb68,Furniture_Decor,13150,35,45,35
028b3574d7619f191a7345161ae590e4,Telephony,150,16,10,11
028da1c319c010397ad1ea42db816d23,Housewares,1200,29,21,27
0290cc426311fb177fe19e513a7dc349,Auto,1000,20,20,20
0292b46c30348496b1be04eeb440bdb5,NULL,400,38,22,15
02934e6f6fe473ea19f3e42b9deb9b59,Housewares,435,16,35,11
0294e314a033317e28ecc40aee9025e8,Pet_Shop,400,35,15,25
02965440ee186dd4f7f6e8f962a75c60,Office_Furniture,10013,58,56,23
0296dd002a346e3bbdda4e0bc48a5073,Furniture_Bedroom,13450,76,14,56
029e44e66d4690b45077bee6d76799f6,Toys,500,21,10,15
02a0c276d5a252215b48269dea73a6e7,Sports_Leisure,300,20,15,15
02a1edfc6f788c8329299c7244acf2e8,Sports_Leisure,800,21,25,21
02a3073438c0d024f60e34a05bd340c4,Auto,850,41,45,11
02a56644dd5dbe6884a047f4d9ea52ea,Auto,4200,78,4,47
02a60f0074f36110106a16d15267aad5,Furniture_Decor,450,32,2,22
02a79d79e818ad0be36cfc843a6af7ad,Sports_Leisure,300,16,15,15
02a93c4e95263ca545e9f46ca2b59833,Cool_Stuff,1700,65,25,25
02a97df83a8a100c7d2b14a02aea6a3d,Health_Beauty,400,21,16,18
02a99f266fc960423c1186ecbd627804,Sports_Leisure,300,22,14,18
02aa16706915b09bedf8409296478283,Sports_Leisure,200,16,6,20
02ad328219e45e7d138101bc3c8aa6c6,Home_Construction,1000,16,20,16
02ad78835ec3f72e750d1dfa6a7e11b3,Furniture_Decor,1250,52,7,11
02b750ee6f6f12a23c311b775ee4427a,Baby,700,50,5,40
02b7929be620a2f05bb13d0c0e2cbd48,Computers_Accessories,1649,23,12,21
02b824e9f1158bc1005e058c4ea78e8d,Electronics,733,29,7,16
02c575cb5b29a173624c93f01786440b,Computers_Accessories,200,21,7,14
02c9b70f3d2ddf38f1120e09d4f9cd45,Computers_Accessories,133,16,9,11
02ca198b1084a6d8ed9e152d84243bfb,Baby,2650,16,24,24
02ca56d6ca8d517a067869b6b6543ded,Pet_Shop,7300,20,40,60
02cd4165b1e6a3782def2e4e851ae884,Furniture_Living_Room,3100,30,11,30
02cd69fa0c8bfb37ca444168927c1e85,Auto,750,16,15,11
02ce0c74e59d6cf6bc9026601414a9c4,Office_Furniture,15900,40,90,40
02ce467092b184e71d3967d29110adc1,Office_Furniture,12275,40,54,38
02d48451331287e2bf12560d032d57a6,Electronics,150,18,5,24
02d53241d2a3c4b1d65f21028e15fde8,Health_Beauty,400,19,12,13
02d5d374678728b3af7bd59ee012abb4,Home_Appliances,100,18,8,13
02d7f60ee640c8218aab6a668bbd2c56,Construction_Tools_Safety,150,17,7,17
02db1469fdcd31a4fb670da6caec8bf6,Housewares,700,16,10,12
02dc711c164ca9c218d316491801ced9,Furniture_Decor,3000,69,11,11
02e27630510d16a95a473d9b35959d3e,Telephony,100,19,3,11
02ed3b595447e948efc3eac897e4df0e,Bed_Bath_Table,725,31,7,31
02ee0862685e90b57cc241b7c9885f95,Perfumery,555,24,8,15
02f331648b37d96cbaf60e96f9c0cd92,Costruction_Tools_Garden,2350,22,22,22
02f381f455650d4c7b90c96dc50a6206,Toys,175,16,15,16
02f3b0fb0ec2472bd4b9058a860ce6e3,Baby,12050,35,60,25
02f5620577c231921c3b01678005d2ba,Stationery,500,21,7,15
02f875bbe513c98bf25188a84b42dd39,Furniture_Decor,500,19,12,12
02f8dd9b448d3ec2c73e65a22da1121c,Watches_Gifts,250,18,9,17
02fb2d61da1247bf732360ea76b16240,Luggage_Accessories,850,19,51,34
02fbee632a2044d48ab16d57eec4db58,Bed_Bath_Table,1017,39,15,34
02fcaaaba3a4b4882987a3639d968572,Bed_Bath_Table,950,36,6,27
0302c3fcf5e2d9526e243db50d30d5e3,Housewares,200,30,11,25
030729544fc3eb6a40981f877e836450,Fashion_Bags_Accessories,150,16,6,11
03078714f1e3f3758555f67ff35b4b01,Housewares,600,16,16,16
030f129f7f4681d3996e2531840057af,Bed_Bath_Table,800,25,5,25
0312536dd9e1c1b732d2b8ff5c3181d6,Auto,600,35,5,35
03137dc3af3dc8138e070c4536407618,Housewares,625,30,12,25
0314706dab9f01188f5cab6878b8f9b4,Electronics,250,17,5,12
0320a1be5c5224f64bfbffa583cf03d6,Electronics,167,16,3,11
03233a6dca60544336766af227f78f09,Housewares,1700,16,40,38
032c32a02f67b0fad495803ca810689e,Home_Construction,800,16,27,16
032e8352e7d34cc2558d4ae22132866c,Furniture_Decor,4450,105,5,69
0333795efd58e3c33c5850b92721c3e4,Furniture_Decor,6317,36,40,36
0335b2f76fdeed85180abe8c6c444aa4,Office_Furniture,7300,53,51,18
033c52084417b98d716d863d8bd11fba,Auto,600,30,20,20
033ccb3016d3b24bc724629b8df41f94,Sports_Leisure,400,16,9,15
033e5e4f49acb5621c782ac8a37aa90b,Luggage_Accessories,175,16,10,16
033fe931444d66d788d53aca5b7b22d5,NULL,200,16,19,11
0343ce4ce35af74dd177bfc133eabb45,Bed_Bath_Table,600,30,7,26
0347f9daa0a33f82b4c9c0821450cc8a,Luggage_Accessories,9075,29,39,45
034abfb9b758233fd393bd361d4ec599,Furniture_Decor,900,40,3,40
034ecce08e1adf75b5fecf2faac7ed11,Sports_Leisure,550,16,16,16
0350ac874c8937571b129554110ec3b6,Dvds_Blu_Ray,90,20,2,14
03511a5e5d4c3d8ef00f1578e1419800,Telephony,400,20,11,13
0352f26fa462bd615275f3e91857926d,Office_Furniture,250,78,45,21
0354c6a8cb8961e29b70e564b93861fe,Garden_Tools,400,38,10,25
03552ec45033c8658713c541f6af9f05,Health_Beauty,250,35,3,12
0356344ba89a9deb1e8a6bef7a7c78b5,Perfumery,350,20,20,20
03566b85189259c49476f004ad2afd08,Health_Beauty,150,20,15,15
035a4019c8009b57768aa3c1e1ad63a3,Furniture_Decor,1900,53,8,11
035df2b15f358d231e00af9e62488cf4,Perfumery,783,17,15,14
03613e666b3919a3e807eac45a8f2731,Housewares,5400,36,15,29
03624ffc0958f7ea385b6d4e088532b0,Health_Beauty,153,23,24,22
0364c36f8e845e4d309c0a3accc04b1c,Office_Furniture,16800,63,58,24
0366dd798c6de7ec8d16c23de6a82cfd,Pet_Shop,3500,39,20,46
036734b5a58d5d4f46b0616ddc047ced,Telephony,300,17,4,12
0367635ea4efa4eb15a29f1e05887851,Baby,1150,35,17,44
0368744ea61d6163219e3bcbbbac3680,Health_Beauty,2000,30,12,16
0369a47f7ad96df46ad8ed76767de8bd,Perfumery,900,25,35,30
036a6272d538ae862d248339c4c9adeb,NULL,1800,20,12,25
036bcd084feae22f3a997f5080ec30df,Furniture_Bedroom,200,16,2,11
036c967e979f490c3890acef838d9f44,Telephony,150,19,4,11
036ecb2f1816e95d3fa658207266ecf5,Books_General_Interest,150,26,2,26
03706dca83513062fe74967a71b5fc78,NULL,400,25,8,11
037a23831f142c505b119215d92eaf7e,Office_Furniture,8900,53,50,16
037aab5faf8d9120659b7c8ea3cf4c12,Health_Beauty,15500,55,40,40
037c68f178aefdd7a880a951dedc04d1,Toys,9567,41,51,47
037f82112a937df3f1486fa81eb1f127,Sports_Leisure,4700,85,30,20
03826ede2cac52b3011b58cfd58c84f9,Housewares,6900,70,15,33
0383c4d17410e421f6a8b905fb9adcbc,Garden_Tools,2700,43,15,15
038467f26869173dd87434ae02199a40,Housewares,500,18,21,20
0388b93e2992639ef7de7b35b2ba91b2,Fashion_Bags_Accessories,2100,16,5,11
03894c9a40bf32b84a349ef0ddfccc1d,Housewares,20300,44,93,30
038967227fb1bc9b30d6e1c81fa2d2be,Auto,200,16,4,11
038c0dd7c1e48a1588f8919a0c305727,Home_Appliances,100,20,13,15
038e3a669bb495e56d9d609d874fb668,Sports_Leisure,30000,105,70,20
03940e741e919e2c258e177d875f8423,Auto,5400,78,4,47
03973c594aba6474ba73ab090dcdc4e2,Watches_Gifts,300,19,13,13
03973c875a4653e663aede2c46a957f6,Auto,2550,35,20,20
039e946aff78252a2e83b8fa1adf837d,Cool_Stuff,2100,44,16,42
03a20f79e4c056b48ce29b3e30beb0fb,Furniture_Decor,700,60,11,20
03a22dc9d5b99f07ca366f91aa7f7e4b,Housewares,700,30,30,30
03a8d0921d804ba08d3da40064a4e281,Housewares,600,16,25,13
03aad9707028422f38b0563410912177,Bed_Bath_Table,1500,38,11,30
03ac940e93916395ea0483161cc84d5c,Garden_Tools,6800,77,14,34
03b10f5e3ef07cfc27a025adca3fd0be,Sports_Leisure,50,16,16,11
03b29ca1beec2e03e15a3b980c1505ed,Perfumery,100,18,7,11
03b58043df5d7424df7eac2be2511c51,Cool_Stuff,1650,30,4,30
03b63c5fc16691530586ae020c345514,Baby,7150,50,19,45
03ba2b6c24374d16022585b6b1b385e1,Sports_Leisure,7450,19,22,20
03bb06cda40712fb8473f7962fb7d198,Bed_Bath_Table,2000,34,9,33
03bb24d19ea7449ce170e0888d830707,Computers_Accessories,910,32,14,15
03bca689857bd64cc5c022221113db7e,Air_Conditioning,2000,22,38,37
03c0275df9996ed2720b28488c7946d4,Health_Beauty,300,22,5,15
03c14a3d479e334e87ee5baf2563811d,Garden_Tools,1500,20,22,22
03c1fa561b6e1d70f9fa22ab1f08c762,Furniture_Decor,8000,55,17,45
03c395f45f46b57acf3db9a696fba6d6,Telephony,75,18,4,11
03c526c6224e8b74620b3b1ff4d0f3ad,Furniture_Decor,3400,40,9,34
03c94210a8223f2f0c811f6783fe3d22,Housewares,3450,32,25,26
03ccf3bdaa33497fa04d1e2f746a4555,Small_Appliances,800,30,21,30
03d03978afe1dc3c70e611629e8d8fe8,Sports_Leisure,1800,15,15,15
03d10117bf5dbd1e4f194566be73de5a,Bed_Bath_Table,2350,45,15,35
03d19e503abb1698d26d630c0017b11e,Auto,14100,62,62,21
03d4233b9e3382adaed9e5c58626f1dc,Furniture_Decor,200,35,10,20
03d463c3dea9d1650ce0683b7c964b03,Telephony,350,17,4,12
03d4805d42e229c0fb34e5eb7fee281f,Auto,1525,68,9,35
03d5bcd7db52bee20887c5034650185d,Health_Beauty,575,25,20,23
03d7ad0ce97624c931b3abde02b5d819,Perfumery,249,19,13,15
03d817e5e392e78674ed0bd8195f9159,Computers_Accessories,1350,23,9,23
03da3203e7fba42baf48e3d87cd4b75b,Sports_Leisure,300,20,10,15
03dc797f6faaa324fb633c518ff3f326,Health_Beauty,3000,30,10,20
03df27817e9494be978b56cc083a0beb,Telephony,200,19,4,11
03e1c946c0ddfc58724ff262aef08dff,Housewares,550,16,22,12
03e4e6709b7d6415746769c0bc3e9131,Toys,3890,36,28,36
03e606af3a694d55bf9abce7f5b07c42,Sports_Leisure,700,20,12,20
03e7d29d9988a30815f1f20b6549881f,Fashion_Shoes,700,22,12,33
03e931f387c2dd5b006aecdb12515b2e,Bed_Bath_Table,650,16,10,16
03e9fcb7adffd8c9e14285c979ea59c9,Garden_Tools,700,21,14,17
03ed331c2c9bb4cd5c3d986928bc8d9c,Auto,600,28,4,16
03f02ee5e8fd233d41dcfe8ad911cf7e,Bed_Bath_Table,6400,30,30,30
03fbf722447bf7fb4a99aff40b8ede7a,Musical_Instruments,7550,37,23,38
03feb64db1d0ea0aaad178536a2d0640,Housewares,3100,30,40,30
03fed41c5e9067007d852ff83d602753,Toys,19650,75,76,22
03ff4bf1cbb9b00aca270dac77757582,Home_Construction,250,16,4,14
040088789b98987ea1df150fd7fabfd7,Fixed_Telephony,140,16,10,14
04008f5a086abe248a3c76bc2fa4f4e1,Bed_Bath_Table,1250,48,14,68
04014f5d30de9dbe77b421f63985b5ef,Auto,5550,55,35,30
040b8534cb74ddaae70c21541f449630,Costruction_Tools_Garden,13100,68,25,44
040f34fe061b6024771f641fe922e782,Watches_Gifts,750,18,10,15
040fe1cdb263eb2c9b1322875b0afcb7,Perfumery,2303,26,15,23
041022915a950ec95b761b690ddb6b24,Cool_Stuff,1450,62,15,32
04120fb9b3f90600e5ae1f2a2cde53e3,Watches_Gifts,500,23,13,16
0412ec72192f1d85e92047c0773434ec,Musical_Instruments,15400,45,20,100
0414ce6ba3643b59fd1e5c8e146c1d8d,Pet_Shop,2700,43,39,20
04162d7f092b675a184e76e91fd521d4,Housewares,400,16,10,14
041644fcb6426ab2a7c992fac010771a,Computers_Accessories,300,35,5,25
0417855683de23ba1e20e8a358a5ac7c,Auto,1475,68,9,35
0418d6ca9336c4a7ef9667aac0be1976,Consoles_Games,260,18,12,18
0419e76e19f81672eb13b6a8bd19a5cb,Office_Furniture,14600,58,20,58
041b5d4393ea83147e2a07e55cd5359c,Bed_Bath_Table,3080,23,37,19
041bf61cdb6e9b519aa70a4eed0bd4ce,Pet_Shop,700,71,2,18
042426e17752f5d722a5b80940edc915,Bed_Bath_Table,2400,40,6,30
0424d4d1508370eb771126734ec9740e,Bed_Bath_Table,2100,36,21,36
042535091ac9e946489c2155a0392c47,Housewares,300,20,4,19
04262a7ed71aa34edfde0f8429598505,Telephony,350,17,4,12
0432203d03868bfe5fdbb86fb2148474,Baby,7003,52,30,46
04329467c8ed269551b5d85dd137eeef,Baby,1550,42,25,15
0433830caca22b01a0f477d31307b043,Small_Appliances_Home_Oven_And_Coffee,7450,40,10,40
043424c9047266b778d9f440c63dc349,Construction_Tools_Construction,9075,34,12,34
0437850bd55b9b2b9cf104b59a611666,Stationery,350,18,2,20
043d7f9943fc2e97d21728cff9c608f2,Furniture_Decor,1700,17,27,17
043f9194337f5d8cd7092f581e0bc394,Books_Technical,1100,25,3,18
0442663b51251c398df7f53c29e29812,Sports_Leisure,6600,105,15,25
04433a8021475a2002663f94203c88da,Costruction_Tools_Tools,1111,29,10,14
044814613492fc3e12bda239e12d6b68,Health_Beauty,1000,36,18,27
0449db5eede617c5fd413071d582f038,Garden_Tools,5900,46,20,46
0449efdb5b6a5d301b098972abd1749e,Sports_Leisure,375,21,16,12
044b06b901539ec1ac136565a97d0fec,Sports_Leisure,1979,27,25,26
044de1dc695094f06e9eca6c19921f20,Furniture_Decor,1300,100,7,15
044f05bc9de36e8a693a83e4bc79dd0d,Telephony,300,17,4,12
044f125d78e0a631b0479182a37aab8c,Sports_Leisure,550,30,16,16
0453f63a85b66c3950381599dbbfb2ec,Sports_Leisure,231,12,12,10
0454c95c31d75e5f86c354896a3d9814,Kitchen_Dining_Laundry_Garden_Furniture,25000,98,14,40
04565ebccdd3c4acc43789823458d6a8,Auto,400,35,15,25
04566e1a1afa83470b25c2642706fc32,Housewares,7800,33,35,33
04574f4bc055655311e798b4e277b9af,Auto,800,18,13,16
045bb60690dbae4f06160b45556463a1,Housewares,1200,80,16,16
045c0f3faa3d81ff1af071e0811b2711,Watches_Gifts,200,16,11,12
045da764883d50dc071cc70c81226cbc,Watches_Gifts,213,18,10,19
045e41f597e72ebfe5e9de50788fbf03,Sports_Leisure,500,20,15,13
04601b648d7d2dcae6e285a41e276a3f,Toys,1775,31,21,21
0466aacbd155769293483722a2e5bead,Garden_Tools,7150,30,40,30
046bb8477448980cb3355e0702e77a0e,Health_Beauty,1500,19,29,18
046cf43a5b63303b3c3c4ba076d1d732,Health_Beauty,350,24,5,21
046eee903d62294ffad4e38ae6aa730e,Bed_Bath_Table,9325,50,18,28
047b85649c33e9cbf34b2ccf8d41d622,Stationery,5650,60,20,29
047c0b8057bd86c48c41d3b582d80c90,Computers_Accessories,4500,19,23,19
047c9a28e0da299843d9f67d99959442,Housewares,3000,33,30,34
04808b9886b62b9c06b4c433e420dfbf,Books_Technical,500,23,3,16
0485eb91cf4786a456d0b61ef9d9183e,Fashion_Bags_Accessories,100,18,9,11
04867a0efbf0779b221235559860b9b8,Watches_Gifts,150,16,2,11
04869307f7e7dc5b07f1d83406ade1e5,Toys,3305,38,36,19
048b4eb037d1114ddc13a9653b5f2381,Health_Beauty,400,27,9,14
048bb098a0e194ddc3d0287b954bc9d8,Stationery,950,20,5,51
048c45eaa9b885243959f59ddf2b21f4,Furniture_Decor,600,30,15,15
048d97d0e3bf2fdb3f1d268b69396cdc,Sports_Leisure,1200,25,30,25
048dc5e495c6f5e54f22fa6cd23c3e5f,Watches_Gifts,450,22,14,17
04913106077ff97c89fa5e6b289fa25c,Bed_Bath_Table,2100,36,8,27
04939dcb29e2a26106610d8e1ef03b98,Health_Beauty,600,24,18,23
049469901143a0f4ead566611fda0544,Perfumery,375,21,16,23
0496a7015a17628712e8720db133092b,Stationery,1075,21,15,15
0496f30fa502d5454825087842d7a497,Toys,250,16,19,19
049ac5dce8536884a652ce73c58022ab,Bed_Bath_Table,250,26,6,20
049b55359c60ea6403938b9e408f40b8,Bed_Bath_Table,1400,37,23,35
049e64366e5301baa9060eef6b10f217,Watches_Gifts,400,20,13,13
04a2ef44f3ea03a72be6f1f99ee0bfe6,Fashion_Bags_Accessories,150,18,9,11
04a3191f211edc97716020026d05d260,Bed_Bath_Table,950,42,29,28
04a4e9d8c0dc6b2b4b8e24ea78a8f318,Sports_Leisure,500,50,12,18
04a58e66cae7d954a87cb7fbb67b204c,Auto,6600,44,25,39
04a67e69edfb208f784da30294f69c5b,Sports_Leisure,1350,26,18,18
04abe952a7292c9914a0ddade6371114,Pet_Shop,25000,70,69,56
04af9f3af5c6afc4eece909c25330934,Watches_Gifts,200,16,2,20
04b2173a311a1fe1a8c90a59c0a0f474,Pet_Shop,700,16,35,25
04b48e86a968cfe620da1cab5c7556ae,Health_Beauty,630,21,12,15
04bbe69bca409d1d1fdd812267c89302,Furniture_Decor,900,36,9,33
04bd5aedb2f07b8078ef7dcbfb79db00,Toys,1600,28,13,21
04be6baed9b1c67197a4b2dd2f5b637c,Furniture_Decor,1500,30,5,20
04c200c7067838a36677c2cb65f90987,Housewares,375,16,10,18
04c31b0da644f1782603183f8fba274c,Health_Beauty,225,18,8,13
04c4182bda52366f3c4b8817ddbcd98e,Sports_Leisure,250,20,12,16
04c4239553c71aafb3b2b5f74f165210,Telephony,150,16,3,20
04c48a5fe31aedc4ef3896c005fd483c,Perfumery,449,19,14,14
04c4a4b9c924494fcf82e0fba966f955,Watches_Gifts,567,26,12,26
04c51bd1943710a970c0331518cdd2a9,Sports_Leisure,350,22,5,12
04ca6bf4b3d9aa78046f0973efe2f4b1,Signaling_And_Security,750,16,20,16
04caadc7ea07eadcaa8513b4f6ecd8ec,Watches_Gifts,300,20,13,13
04cb9679db724268544436f40166c3ed,Office_Furniture,15700,58,28,58
04cfe2f4173f2acf181b3d2642a387d1,Health_Beauty,200,24,26,11
04d1e516df784ab0cc7cb3b74a0933d2,Computers_Accessories,150,20,8,15
04d5a0ec1f6db00db01676199151df4c,Watches_Gifts,425,16,10,11
04d70d184a7c12c93cecd9c0d8b5ad69,Health_Beauty,150,22,3,15
04d752c2cda8f0972a8ab10ac9abdf12,Bed_Bath_Table,900,50,5,50
04d7da0499dd7cdfba6ef58c85e70324,Furniture_Decor,450,27,27,33
04dc26a02c448f6f2b914f01c2902ebd,Consoles_Games,483,24,17,23
04ddfb2cdbf048af94dc37e1bb0d3b04,Housewares,575,24,18,24
04de91d60b1cc9be205fb4a63c87bece,Stationery,100,16,3,11
04df667e73ca2fab4b9a97c86466b699,Watches_Gifts,404,22,14,17
04e1e16bdb6952a60aa9c37334dc8eb3,Housewares,600,23,16,23
04e4e5d3a78ebbd1a943769293829c68,Books_Technical,900,25,3,18
04e8d74439cda81827c2cff9f165f4c5,Sports_Leisure,3500,60,20,30
04e90f954f5fde312ce378b26ddfad13,Housewares,7600,49,40,40
04e9efe8ce063de2e031eb806396f456,Bed_Bath_Table,750,30,3,24
04ea63ab87df726ebf45c0982dd90a1f,Baby,450,30,6,23
04ea859686940874c6f624314a14070a,Auto,500,20,10,20
04f352bc78b371f4392b0077d5648de5,Toys,6284,64,39,28
04f6c1fd057cc96a63e1f9579ddb942b,Construction_Tools_Construction,100,20,4,25
04f8b8f9921310178d65bcba23fbe639,NULL,1800,21,13,36
04f92f94955d380b722ed941f2e6e51c,Small_Appliances,3125,18,30,38
04f982a576e5d149919df37e292fa79e,Bed_Bath_Table,5800,58,50,49
04f9876e5833ccf6df7934aaebd19faf,Housewares,1400,24,7,12
04f9ba792a88dcfa0a4ecadb4d0ad913,Sports_Leisure,500,17,31,18
04fa587378a8e74c3b0acc00efecc93e,Auto,14900,32,47,38
04fd8d64a2539d188bef33bb288410bb,Bed_Bath_Table,800,45,10,30
05019bc35fc2ed878c0c0f55346b91c6,Health_Beauty,2550,18,16,17
050245daefa14dcfc8048e9c6a586d2c,Computers_Accessories,1623,32,15,39
0502d1a36be75bd36b452f31c6ed264a,NULL,100,16,7,11
0504d5c0f9b71510b2b0bee952e380fa,Furniture_Bedroom,16500,58,18,42
0505f239830b15ffbd923b4113a96855,Luggage_Accessories,250,20,26,15
050ab8e1f87a468de0eed97451da3efd,Baby,8450,76,21,21
050d890ccc1c0874e166c9af9c6dd821,Health_Beauty,350,22,12,17
0515b574204dff0dbdc5dac180f3df3a,Stationery,100,16,5,16
05177c02b7f7e985fb4a90d1465f0fba,Home_Appliances,100,18,8,13
0519a542f6238651af817ddc6fcbbcf4,Pet_Shop,400,18,12,15
051b9ff13dd55c0a6655a15ff296f80d,Sports_Leisure,3600,62,23,23
051e6f6764c9b60143dffafd0c5d1a25,Computers_Accessories,1373,25,21,25
05216a143a65ab59fc48fb996e7c12d7,Fashion_Bags_Accessories,200,16,2,11
0521fe3eb04940304b489d0fb49a37dd,Garden_Tools,1450,90,6,18
0522015abfd1094949180dee8dacbdf9,Furniture_Decor,400,40,15,40
05237facc08e138d9cec4742f145cc00,Cool_Stuff,533,23,21,21
052413504e5295cd66ec4ced0b310062,Watches_Gifts,165,16,10,12
052516c377ebbc53a39f053af1db08b4,Cool_Stuff,450,16,12,22
0526bcd59b4bbb167f8a4e93d56c0a07,Auto,100,24,2,17
0527af46c46b7a345d2086ea304ae8d7,Electronics,625,27,17,25
052b8660ee8a9ee18815d9b276694a10,Perfumery,107,17,12,14
052bc62f1969b8f09b1c3cd6f67e099d,Stationery,600,29,4,24
052dd43729ce1a56b5e083888ad5916f,Computers_Accessories,400,41,3,29
052e139cd94698e09bb2502cdc7b9287,Housewares,2700,28,18,20
052fa8abc4bd8f9e32329a610fc878e2,Bed_Bath_Table,200,16,12,11
0530063c4be8e898dd6dac7d6bceff24,Office_Furniture,11800,53,54,18
05317e90a20f490f4749cd92d33e0fbb,Furniture_Decor,9900,50,32,37
0533c5ec3a042521493cfb6e12d6befd,NULL,1550,38,4,23
0534940d69bf94dc61c0e722b4168235,Furniture_Decor,2300,45,25,20
0538b3ea14af3cc3ee6bdaf940367cee,NULL,150,20,4,20
053bc43c110771a8ade43dd4462c3fa0,Furniture_Bedroom,18500,38,58,38
053c1c7045cfb67d04d8c5a8dc9fc054,Bed_Bath_Table,1650,31,9,31
053dc19b1456837ad35f75a6fdce5988,Sports_Leisure,350,20,15,15
0540951fb114c6a30e6a43562983ce9f,Telephony,100,20,20,20
05431e0dd637e910dd67d7ad823e8437,Office_Furniture,10850,58,20,56
0543393758e5da8203fc69c4e6707c75,Health_Beauty,650,25,33,14
054515fd15bc1a2029f10de97ffa9120,Sports_Leisure,150,18,18,18
0546131238f7e9d6b5c24dbb5d8e3133,Health_Beauty,1450,34,6,24
0547b998c6f8893fab4ba02d5636c10f,Watches_Gifts,500,16,16,16
054b1ab366729788a3717961085aec01,Computers_Accessories,50,17,9,13
054f9a8859dc532322504741c66d799f,Christmas_Supplies,600,30,11,20
055019def765ce08da9fac0585e927c3,Baby,300,17,7,24
05542c6ab7bce0a01a5f7210380e72b3,Computers_Accessories,850,32,10,16
0554911df28fda9fd668ce5ba5949695,Office_Furniture,5200,45,54,15
0554df77f3ed2e36e06c60eb65dc357a,Health_Beauty,300,17,13,13
05555b7712bfdb1c0809b44166e33a25,Toys,200,25,3,25
055b53c58f373d53438cefb346ffcbbf,Garden_Tools,6050,75,25,25
055cf0b2191631209c21bde8d353c7f2,Cool_Stuff,2600,30,10,20
055e4f6156ba6c0daab61cd40d5530fe,Books_General_Interest,400,27,3,19
056010e0e6196d99309275e1b2d12c80,Stationery,250,16,6,11
056063b2634974ef86ccb7da2d3d0dbf,Sports_Leisure,1431,30,20,21
0561435e3af107a3bd2104466ad5985a,Bed_Bath_Table,900,36,6,26
056193fc88b3f131fae751356896b168,Housewares,8950,40,30,40
0563d4cc419141eab2e5b438046e844e,Garden_Tools,5650,17,38,32
05649d71cdf7d7ec2bbd7a717179de0f,Health_Beauty,350,25,15,15
0568858419b609bd068bec047de0a1c8,Perfumery,425,18,12,15
05696da7eee323669666f62228d00f78,Bed_Bath_Table,12900,60,27,50
056b837251897cfc6f46d3643bad614f,Garden_Tools,1150,17,8,31
056d012d264624accb7f73d31caee034,Bed_Bath_Table,1750,30,5,30
056d07eb7d9c446e3780a3a7f102190d,Art,500,50,6,20
056fc939c78534a5fb6a762ef17d912e,Furniture_Decor,1300,25,25,20
057041a5c3e1080ad700db092badca71,Bed_Bath_Table,8950,40,25,48
057229db0353dff9e12e298e8f6429b9,Bed_Bath_Table,1900,16,2,11
0573b564a90d2d9f9c460eb963da8c33,Housewares,23700,69,39,17
057df564fda79ad8fa5e1928dfbe3e8c,Cool_Stuff,300,25,10,20
05805f52cdeb93d7684f871e599f0078,Furniture_Decor,4000,70,12,52
0581c05e8e3c0d17ea0ef8904419ec00,Housewares,1250,30,30,30
0583170ba3f70162729f40600f8a4abf,Health_Beauty,2500,34,17,22
05833dad7f04a1b2991641771bfe6d9f,Cool_Stuff,600,16,23,11
058453fe8a9473eceee27349de3b38ac,Watches_Gifts,750,48,16,25
05869034bc6aeae6869a573000cdcc43,Fashion_Bags_Accessories,200,16,2,11
058755c380722a806fc5440093c2c5bf,Art,1947,98,6,44
0587bd8ea43108a16104b1430c15b283,Housewares,9950,31,61,31
05890763390aff71105dd223c0b9b225,Sports_Leisure,1250,41,6,33
058b372f969b59e8c4a27e224243909c,Stationery,5650,20,30,20
058f0416fd2fad8fb4cd0443ade6a42b,Costruction_Tools_Tools,950,23,14,11
05928363cd16fb2d20ccad40992105aa,Fashion_Bags_Accessories,250,16,16,13
059344baebbeaa42fa9f2bbe11b1583e,Construction_Tools_Lights,1400,24,15,38
059ca09d32720d9adce3ae12e181339d,Perfumery,426,20,16,17
059d3cf4de5bc9099cdb4c10ee7e84d5,Auto,200,16,2,11
059dce566827cd3b3274f2b986d5c0db,Garden_Tools,3500,40,19,35
059edbecfc72eba55fbd079a25c4ab6b,Health_Beauty,473,22,18,21
059ee207a4d5628c8aefe497c3d088f3,Diapers_And_Hygiene,200,30,20,15
059fb7d4b3383690a65610a1d6320e7e,Telephony,100,16,2,20
059fd0cc43081303f7c0d7770ab53d52,Sports_Leisure,11780,56,29,29
05a360982be454c7e715c0fec4f67243,Christmas_Supplies,100,16,6,11
05a4cea3c80d33b04145946e6c5e0fa9,Garden_Tools,850,22,7,17
05a6b99c0460f22f5f8101493c0e3c0e,Furniture_Decor,1300,42,11,35
05a75cd320865bee3f3b69014ba5bddc,Auto,100,16,10,15
05a9ab81472f6bdcd910cb49b636c5b5,Musical_Instruments,250,16,9,11
05a9dadb8402b6b7ae3dd28f7da187b5,Computers_Accessories,2950,20,20,20
05ac001cdcd6e4a3cc1563efbc5a25fc,Auto,400,16,5,11
05ad2310de31ddb8bc7f976b6fe02db7,Housewares,750,30,12,30
05aed8abae327b8ffd61bc5255566bcb,Watches_Gifts,288,18,12,14
05af73bb3143cbc5233c1cdff4a767b5,Furniture_Living_Room,2700,47,6,47
05b0567fb831a93123b9d6866b022490,Luggage_Accessories,3300,34,31,34
05b0feccfab2debfdb5744e42bdb6f71,Fashion_Bags_Accessories,150,21,9,14
05b1d0c869d183ecb8459207a33066f5,Watches_Gifts,200,16,11,11
05b316ac6e25ef5776b4841f5696bfb8,Furniture_Decor,417,24,21,22
05b4647d7e40f280dc06e3d69deaba21,Fashion_Bags_Accessories,200,16,8,11
05b4834511e1cdb34899d52589ac9271,Books_Technical,850,17,2,24
05b515fdc76e888aada3c6d66c201dff,Health_Beauty,800,21,4,15
05b9a00b36b50edaea8de91b8c19fc22,Auto,400,21,8,11
05bb531648459f3fb15bda0cdbf21322,Perfumery,436,22,14,18
05bbe113b2037f89552c644c5cb33ecf,Housewares,10100,48,30,16
05bee157001350b29b1e48395f6736a5,Market_Place,2100,19,27,38
05c11568c221bcac5790a8720019d141,Auto,19100,40,40,40
05c24fd82c39e05337fcc418f0a61e54,Watches_Gifts,80,16,11,11
05c2523e08c5262f1ee172b332c3ea44,Computers_Accessories,100,16,2,11
05c6133a109016f9fc73aea25cb1f5c0,Auto,2450,28,5,30
05c693a8085dad009cebdcf2830ab738,Telephony,200,19,4,11
05c723fd782f0208b09b7c86f5220a5b,Furniture_Decor,1650,41,9,34
05c8eb0ae68c09cae5b68d673652e7f8,Electronics,200,21,7,14
05cd024f2c54923c3396db4156fdaa44,Furniture_Decor,400,22,22,12
05cf9ac595f28386ee763c98cbc2bad0,NULL,150,20,3,13
05d0558798a718f6f4658acd8b0e65e1,Auto,1550,37,10,36
05d0a8e2bd6c40610cf28932d9a796ff,Furniture_Decor,500,19,11,12
05d26098907b7bd26c0f92feefd10eae,Toys,200,18,13,16
05d3d52aea100aa2f887fd940991f040,Health_Beauty,500,16,2,11
05d43e31ef4408f944a3de2d18b0f755,Computers_Accessories,300,20,3,14
05d59e1191b873b988a6db5663923260,Stationery,921,26,11,25
05d7b955682862c7ee7db5c1a7d728ce,Sports_Leisure,400,16,6,11
05d7deab2f99410d5fa21a75deaa1fad,Fashion_Bags_Accessories,750,36,18,36
05d7e1ea3fb7a5e3bf83bb9801603418,Books_Technical,2200,31,6,19
05d80513da078badb81a5f232e489376,Bed_Bath_Table,1100,20,16,20
05dd4bacd8cd34a33815b90b38176a69,Bed_Bath_Table,2100,34,9,33
05de46958121361ff78e2a9812db6778,Home_Appliances,300,35,46,35
05df88a280f9c6edca3b2f5f9b3e75ad,Bed_Bath_Table,525,34,23,43
05e75e2ebb007f6cadbc9925311b014b,Furniture_Decor,500,80,10,60
05e896ddcd2490d4185badce5f9b45e4,Housewares,9500,60,17,55
05e8eca656b87428a0e8453a2f335cdf,Home_Appliances_2,9250,30,60,45
05eabe04aa341d8960d07f9b398d7a3f,Housewares,6600,35,45,45
05ed196725fbeca4876c2181780d89bb,Musical_Instruments,1400,30,30,30
05eee88d9d208fa34d4246aae4025381,Baby,600,16,2,11
05f0fe07929d35be0748fac56eecbeb2,Health_Beauty,200,22,3,15
05f581382fca988fec41f4a3de0e0fda,NULL,100,16,16,16
05f65453e3770efa763d5b2884842fe2,Telephony,200,25,10,13
05f8865da7fa719bf5e94039cfe17c4d,Health_Beauty,1900,47,70,11
05f97ad4ce078ed1de8882e1824eb07f,Toys,800,41,15,24
05f9d035b92494874148f32f940b0f4f,Furniture_Decor,1350,55,9,11
05fa32a505166cc577354e48a194659d,Furniture_Decor,245,17,12,14
05fa3b5ecdf7f54e97fe25127db0ee7c,Sports_Leisure,2000,23,16,18
05fa60020215fd65f8f8b9dd441f864b,Health_Beauty,250,23,9,14
05fb095572e53e2a567a685765101704,Toys,695,30,33,27
05fb84a7689847058e6b9e9dbd7a6c06,Auto,2775,29,27,18
05fca08b4d54ab5d1d371db7d5534136,Computers_Accessories,300,20,6,13
05fd551a225783b6a2b14d1e3d1a6372,Auto,250,30,11,16
05feccd482d35726d6f80e60df25db86,NULL,1400,16,25,15
060109450b2f49e4d5c4fdfd3d8ebc34,Housewares,450,18,8,13
06016387c52742ed3e0a128e0ffb6b47,Housewares,7650,23,8,13
0602bc6086443c4e9b9e5ba88119ce08,Perfumery,133,21,12,19
0603179793e4bf68b9dbdb4ba238a3b7,Bed_Bath_Table,1150,43,7,30
0603d2d85bcc46beb11bd247870c4841,Bed_Bath_Table,1450,55,14,43
06061c9fd664126ac731a142995fa893,Home_Construction,900,40,15,44
0606451146029c2f85c958b9cce49735,Watches_Gifts,450,16,11,12
060890b1af8cc031e9dde49cf544f884,Auto,2900,61,8,61
060965aa6dfa817b80abda0c9413cc77,Bed_Bath_Table,22250,85,23,68
0609678aec06f28cd8e177550d26e73b,Bed_Bath_Table,1400,20,30,26
060b5b8d4937e08d87e86d0bf339aaeb,Bed_Bath_Table,550,20,10,15
060c17562f97e5bb60bc0dfa4dd5b3f2,Computers_Accessories,150,18,6,14
060c584206d08377a1408fd7afc08b0f,Sports_Leisure,14000,105,18,18
060cb19345d90064d1015407193c233d,Auto,7150,65,10,65
060e9872b582bceaa83d520807008f1b,Garden_Tools,5500,29,29,39
060e9bdedfae37724dbce0b3270d76ae,Watches_Gifts,200,16,2,11
060ea530ba6184d49f7b1cc031c4c97e,Bed_Bath_Table,950,50,5,50
060ed45e8d50384910a47c9224931f56,Computers_Accessories,683,24,16,24
060f0122cdc8f25db4a0d7359fdae7b0,Watches_Gifts,250,16,2,11
060f71666a632ac169814c0f1d715571,Cine_Photo,150,16,8,11
0615dcf981da53a5ca8777cd6a80361b,Home_Construction,1050,16,20,16
0617fc134ca8e00687023ad84d2358cc,Computers_Accessories,200,16,16,16
061885af8dbda5739d592a153655e574,Auto,850,28,15,22
061b1614b0e2a54bb06f23af8308b55d,Telephony,350,17,4,12
061b4ab52739c3c14397c29df80c597a,Home_Appliances,300,27,13,17
061c050147b7b9fb6f088593900e8dc6,Fashion_Bags_Accessories,400,16,5,16
061fa9845070ffff2d23e8e10bdf8edc,Furniture_Decor,700,80,10,60
062364f1fb1943481de879618fc37cdb,Health_Beauty,1225,19,23,16
062597771ee91356ea34084f28c03a4b,Fashion_Bags_Accessories,300,16,2,11
062619359d5f9a664606cb2a6ccb477a,Health_Beauty,2000,20,20,20
062907032db5e0c065bab136233a9544,Bed_Bath_Table,606,30,9,28
062c203528884afcf5ab3bcd04593f51,Furniture_Decor,1500,25,20,35
062d69b626c072fa369799d0018c95d7,Watches_Gifts,6750,46,20,44
062e425d963f3eac04709162c3ce6782,Fashion_Shoes,450,25,15,35
0630f740d3f05c50f85d7dd7cffc60a3,Costruction_Tools_Garden,250,17,7,12
06324724a73c341e0826729d63a8d5bc,Furniture_Decor,1950,69,11,11
06353656886de747a549351f1ec7fa9b,Food_Drink,650,16,10,11
063595b8c2acd495d650be922916fbff,Furniture_Decor,1600,30,21,28
06398d4e8885390c99322d5e4aedcc16,Office_Furniture,15700,58,28,58
063c331b19ce7f951a2abb159e30386a,Bed_Bath_Table,1100,33,12,24
063d6951f9aa6a9c2122a9492480d9ef,Furniture_Decor,1200,60,22,16
063d853b6d570a9a5d06e8e044658c21,Sports_Leisure,900,22,15,20
063d96e7b9190a8da0b8920906578383,Furniture_Decor,18800,52,36,60
063daeb82f41e36a160549515ef28e75,Bed_Bath_Table,1975,43,10,33
0640a217fe729c5b8f61fd475f1fc22c,Telephony,350,17,4,12
06435c7fcaee30b55bdd89feb2ec9be7,Furniture_Decor,350,80,10,60
0645a55c7e265509606125e11b6fa2f0,Furniture_Decor,483,47,6,34
0645b477d9a79945e55ec6be1605b5a0,Toys,1200,40,28,28
064767e05dd710b14c4bf5f2d50c89b8,Pet_Shop,1000,20,25,16
06484143f7046fc1c2ec000aba13e28a,Sports_Leisure,900,16,20,20
0649f548e3fa70d40eb8fd98ecfe6322,Telephony,50,19,3,11
064a939bcd597315cfda6c98ede1b4c3,Computers_Accessories,200,16,5,11
064c975d37d3c646bd94d94c6e16f37e,Housewares,200,38,21,14
064d09b1de34c17dbacfa4096f79f256,Garden_Tools,400,16,7,16
064f1ab0fbfe1fffb87fbf1acb5d4af7,Bed_Bath_Table,1800,46,3,34
0654d3c1e3efc7e7cd9dbde9cb743df2,Garden_Tools,700,20,18,19
065554bfe0244b9f5f6414f332106a21,Flowers,800,30,15,20
0657f64d203d600602279807d6cb1dd8,Health_Beauty,1600,35,11,17
065855099f5c20755e412cd48702d996,Health_Beauty,900,16,12,15
065a46b0be3f31498ebdd3f4c668a6b6,Fashion_Bags_Accessories,200,16,2,11
065bb8f275e61de958ffcaf0eebb1791,Baby,200,29,7,16
065ced48dd97c1b3322fab19e5844542,Baby,450,20,15,15
06600341855ab457458de92175df8bf9,Furniture_Decor,1050,30,35,30
06601c3059e35a3bf65e72f2fd2ac626,Food,750,28,11,13
0660211440ed1391f5375fbaa39443b7,Sports_Leisure,1600,31,33,32
06605f576f31279bada4552051c88fa8,Health_Beauty,100,19,5,13
0661920a7a5f19746f501d1190888270,Office_Furniture,15300,58,28,56
066313d5479246299d9c2a117f55d0a3,Fashion_Underwear_Beach,300,22,10,15
0663a33c86fed5322e603ef430775b7b,Stationery,800,25,60,35
06649da52cbfbb4e9b6cfc332d56c119,Home_Appliances,600,70,5,11
0667b4afff64a57f01669f9af9ce685e,Perfumery,450,16,11,11
0668cf65b55579eb49c9f2d167c71dad,Health_Beauty,500,16,16,16
066bbc3a1363adc4d73e093aefd9363a,Computers_Accessories,1900,26,10,20
066cc58255ee9ccb3e6da9d3edd02a7e,Furniture_Decor,850,16,14,15
06731ce59716357095ed1a25850320b8,Kitchen_Dining_Laundry_Garden_Furniture,1700,100,3,60
0673601d65d060a5c4b5652cc18e3db8,Auto,837,18,19,24
0678913581818c6056713a9b02f5ceef,Auto,250,19,19,14
067a7177d086c25f597516184a07f05a,Air_Conditioning,3800,53,21,36
067c68a19be5d218b092cf260bfbd9cb,Perfumery,440,19,13,21
067e1aaf685cc3da73e97a0abf22561c,Toys,200,16,17,11
067e6da1c75010f933e68b76efb2273f,Housewares,8575,33,48,38
067f55bc1dd1107c9be607b643d433b3,Auto,550,20,10,15
06820914dffb81de2d15a50e693259ba,Housewares,400,35,11,20
0687ef6a91e16db4955fecac89ad73cd,Fashion_Bags_Accessories,50,17,4,13
068831628652b27ae554b8a66ca6adcf,Furniture_Decor,5400,34,50,34
0688d52e92d927814617e26d7702df10,Perfumery,133,21,12,19
068a754dc2d079d7bcd6f254b9a978e2,Books_General_Interest,600,24,3,17
068b5d27e848424be23fec630a415021,Furniture_Decor,900,30,4,20
068ceaa8a3d9d385cbf53d5335f89f80,Housewares,1200,27,18,23
068ee5d8c45732d9731fde32b47594df,Furniture_Decor,417,47,4,35
0693bcecfea57f2ad547d1ff56c7d9ea,Bed_Bath_Table,1000,35,5,20
06944e4b10483df8e37fe55990a0ba15,Housewares,550,42,11,23
06976617d8c5e71de4f3c2d93e788fd5,Luggage_Accessories,1200,32,10,45
0698b5407c0c472d66ff54f57f144812,Music,250,30,11,21
069a004edf898d16c9331bafd6ac7f46,Furniture_Decor,950,25,25,25
069b1293b22c9d000af947225ce14791,Luggage_Accessories,20500,60,40,40
06a2ab007679c70b21a1123749c09719,Music,200,22,4,16
06a47d0ecd4561565deab3dfd7d3c0ff,Sports_Leisure,400,30,20,20
06a63a471d8a08878526b37a1baa66a5,Perfumery,700,16,16,16
06a69e6ca81fc5f8b7b2887f974c6687,Sports_Leisure,750,23,30,30
06a7a571bc9fbb103a9c2eb90f89432c,Furniture_Decor,150,16,2,11
06a83883ffd4aef6c74413f718761d94,Auto,1050,26,40,20
06aad8525aef9517e71a080aa973de58,Furniture_Decor,1600,31,11,26
06ab916413a6a9c4813408f7a72fd953,Health_Beauty,365,20,11,15
06abf4be826ed1d548e8a22a3d75d912,Health_Beauty,5250,56,17,40
06acd3480e6a1afb023ad0eb8cdeecca,Housewares,500,26,22,21
06ad93d66e91d09df5ce746906d9658b,Bed_Bath_Table,3250,36,10,35
06ae026e430189633c2fbd0288c86257,Watches_Gifts,450,22,14,17
06afd0d01616e40441e7f743cdc03a2e,Auto,320,21,7,14
06b0745ce2aca5382b0509425b8a5ae0,Garden_Tools,8350,36,46,36
06b3565e07ddba55a46439bb0035af89,Health_Beauty,2500,35,15,15
06b3951f1930297079eeae756ce88cf8,Garden_Tools,500,16,33,13
06b4fb6f7d3ef030f7906bb13dde0728,Drinks,1550,16,36,16
06b55f15e3505bd276acabbb4d3633f5,Bed_Bath_Table,96,25,8,19
06b68710c4befc588c863ea38c7e4145,Furniture_Decor,2600,65,5,45
06b6d4805b3659e45575c03e57cef6fb,Fashion_Bags_Accessories,100,21,9,14
06bb6e704f99920f51dbbb0559187d98,Cool_Stuff,700,21,18,23
06bc992f73d96cb1ada2073554130d45,Auto,1133,17,11,13
06be2efbc5799c9e578d3f6dd205b569,Toys,200,18,11,13
06bf70b6e1d67d96308235ef350edc61,Toys,950,105,10,11
06bfe79d999bcce96f9ebfc74280d1d7,Bed_Bath_Table,250,30,5,15
06c38a87544301cba8b0fb5a0796383d,Toys,2300,98,12,20
06c42344256e5a78e6bf38e92b1f1563,Home_Appliances,200,18,8,13
06c6e01186af8b98ee1fc9e01f9471e9,Computers_Accessories,200,25,5,15
06c76e2e852ec1ce0e14ca8f221f361f,Consoles_Games,100,20,3,15
06c950c36d589b39b34f5dc1d4a75e29,Health_Beauty,667,30,14,16
06cd420a1b028388e0bf1f78daf20411,Garden_Tools,2850,22,15,14
06cdc7832ac572e307bdacf9ba9f66a9,Dvds_Blu_Ray,150,20,2,14
06ce9c3e61c7a07f872f8317a7dc534d,Health_Beauty,100,16,8,11
06cef71c232a9f86d77f004878df253c,Health_Beauty,900,20,33,16
06d156ad29691bb65b80a6bf398db4fc,Sports_Leisure,2700,80,12,22
06d7bbea1c245835d64a183587a3775c,Signaling_And_Security,1000,66,5,30
06db40df51cce7cf21aaf53f8f8be312,Sports_Leisure,300,20,6,13
06dce482ace017e78349b6f1fa83a022,Bed_Bath_Table,550,30,3,19
06ddfdf210c7e0259854ee543215088d,NULL,100,16,3,11
06de2a2e4731091ff794ab6240951b7d,Bed_Bath_Table,2560,16,2,11
06e73ddcb54620a36bfdb2e073c4dc40,Fashion_Bags_Accessories,150,16,9,11
06e8f81c88ce9a6b0dd0d279769f9f68,Cool_Stuff,1300,42,25,15
06e95441ade9262a325f6d5c1561cbb4,Home_Construction,750,16,18,16
06ead9c0b05b368667d858c09148af03,Consoles_Games,467,23,11,18
06ecc3d4006ad6eb293a1b93ec3c7183,Furniture_Decor,750,22,22,11
06edb72f1e0c64b14c5b79353f7abea3,Bed_Bath_Table,350,25,8,19
06ef141d37f22c5742e445504b5805a7,Audio,250,16,2,22
06ef35250cfb02d1c3d193890b63dc8f,Kitchen_Dining_Laundry_Garden_Furniture,2800,33,20,15
06ef4c984af8c13ff17e30f46d97b489,Computers_Accessories,100,17,4,14
06ef9525b604908b6ef27fa630b4f22f,Home_Appliances,1800,66,7,38
06efa56b8557e1efcb2c107f55d1a8dd,Garden_Tools,600,19,7,14
06f0e85c7892d5df893f332706340af1,Stationery,9850,30,19,60
06f18114503e7543d81252fd61a53df8,Housewares,1250,22,24,24
06f2166336faca73c644b11eaca22d06,Computers_Accessories,600,16,13,13
06f24f9b9f5892496a4db38e42a6acc7,Housewares,1050,24,32,24
06f442515f5159d999a684dfdb881917,Pet_Shop,10900,50,30,40
06f4fde9ce07b3d2bfab78494343c5da,Computers_Accessories,200,18,9,16
06f756df8d80309915285f3ee6ea1059,Luggage_Accessories,700,16,40,40
06f85533c1d65036e055ed561d0b1a2e,Auto,650,20,20,15
06f89d2b2a8b4994e56366402feacba9,Consoles_Games,750,16,8,11
06fb87866499b0e65992b2d88aca8282,Watches_Gifts,700,17,13,13
06fe3302412088c32997cf915fced4da,Health_Beauty,825,18,9,12
0701bc9fbbb6612a2e7427a3e7ddbf6e,Electronics,300,24,11,16
0705b33fb285827a578fce4899f1b921,Sports_Leisure,400,95,6,47
0707319aaf1dd0612c0004f6cff320f0,Auto,6200,60,30,40
0708f901aa249af77d79c3d14328b3fd,Furniture_Decor,15800,50,40,50
070d4b13c8ef5cc3d81259789b3bd973,Bed_Bath_Table,2200,55,15,35
07133eebda0768a2ad3d68ef4d95b597,Toys,1063,31,26,35
07145f317bd27c212bbc49377b3940dd,Bed_Bath_Table,400,20,10,30
071930404657f7cd416f75bd063a9d4b,Computers_Accessories,4300,26,2,38
071b5dd29feece041c356d172474b113,Cine_Photo,650,45,12,12
071b6fda0410cc12642f1083210f6703,Housewares,1400,20,26,20
071b82cad6de748755bb587ff3feec2e,Cool_Stuff,4700,42,25,15
071d40163502c7a04c4b49983787485c,Furniture_Decor,1500,42,8,32
071e6d5971d28c9cbbf618b5123f8284,Furniture_Decor,6100,80,4,55
071f9a2b7591f2e8a2a59a50ecc5a297,Baby,7150,75,15,50
071feff570bbf61f1721e181435ebf0f,Telephony,340,22,13,16
07212eaf1754d46acd245fe7346b8d41,Garden_Tools,400,40,10,20
0721efe2bcae3223969332d77f0182bc,Telephony,421,23,14,17
072346978ec57ef87579ba2cea7c7030,Watches_Gifts,275,15,19,16
0723afa6f9a5a11c512396db0bb03051,Stationery,475,40,35,26
0727e18d559a15ca5b2b9f76274d19ec,Electronics,125,22,11,16
0728762c24ff18a068967202e803eb07,Drinks,1300,24,24,24
072beb18e7e338f786c4984843463ea9,Health_Beauty,325,16,16,16
07313d7b1ca6dbf3885412a763b626c5,Computers_Accessories,100,16,2,11
0736b2e56f06e14d3aa1bef54de26052,Telephony,75,19,3,11
073a5dfc26cb33ef440b2e0aa29343a8,Housewares,300,19,12,12
073af5ae737ac55290eb733f67317242,Auto,700,26,8,14
073afdaeb2d71d4da3ce0c6935614289,Bed_Bath_Table,900,30,10,20
073b807aaf20e2382efc8ddc07bf7a5b,Sports_Leisure,7700,59,38,42
073ec95c6cd3b2db5d9dc430dcb524a6,Computers_Accessories,400,16,8,11
073ed404e3aec5b0a486334c05ee2fe9,Watches_Gifts,458,18,11,14
073f139ce5bceceb73c9f287e2540eb3,Furniture_Decor,1050,30,20,30
074112f674682b5e218463ce1732945b,Toys,9450,89,53,12
07451cd3b4079198af66b134853aee75,Bed_Bath_Table,6000,50,20,40
0745c4686dc8b30d30a5546c781d1e96,Art,900,70,6,11
0748257f14bc904fad9f67fffa335483,Furniture_Decor,5700,85,10,40
0748ca850e6e0ac086799ba43d270d3b,Auto,3100,21,21,21
074e1b1543a03e2e546cee9b388cdf25,Fashion_Bags_Accessories,150,16,5,16
074fbdce1ed974986a2d2c9660b9eefb,Sports_Leisure,2100,30,20,45
0751d46ff778c72973f67da627093303,Watches_Gifts,317,18,13,14
07544775a63940d28bbc20d835ddd781,Auto,3850,45,20,45
07591f80309eb6393c6af043b234cb83,Office_Furniture,16650,58,28,58
075b253cd6c59b821c1dab51c1ae56b9,Garden_Tools,350,20,5,20
076743539f8476d5c8a1e4e7b62ffc26,Furniture_Decor,3000,40,8,35
07675856c4bfe13a38ddb23da5c3b176,Watches_Gifts,500,38,12,38
0768657d39e02ff11e1a30708e010588,Fixed_Telephony,200,16,2,11
0768c4dc73c777a620b38c1da390ae8e,Small_Appliances,2800,26,25,35
07691def223b4568e8ecb5a5b30574b1,Telephony,150,18,6,20
076a6117fb6e62d15ef45ad6be8ddb1c,Bed_Bath_Table,1754,44,14,33
076e36bd0e2aebb35184d08c8e0f032b,Housewares,1950,30,20,20
076e4ce53c8914382e7ff3732511b17e,Health_Beauty,633,26,9,22
077319a417872fe55c94c3883610b874,Sports_Leisure,6600,90,20,25
07755a0056db849613241c6d91eaf45f,Watches_Gifts,832,21,12,15
077599a82ee54960bc4f4c941b0d1359,Health_Beauty,1600,18,8,20
0776155007ad20447a0b0f91d4aad644,Food_Drink,1000,28,13,13
07778ad3984dfbcc6b9dfd8b8595ba7b,Housewares,400,20,28,18
07797d4315ce5c1570e0a484472e04b5,Furniture_Decor,2300,37,30,20
077c1ba3f2e5e4145faf0a12f35ec1d5,Auto,1050,30,30,30
077ff5297832d1a1c3d5be55b8152fa8,Fashion_Bags_Accessories,200,16,5,20
0780ab4d63c3fa0b95d7f17f66a3444c,Computers_Accessories,1000,30,6,16
07810038e53a9f409577581bae23fa1a,Computers_Accessories,150,16,3,17
0781ed724941f4eaafbd9e6c5a20be49,Bed_Bath_Table,600,70,10,40
07821918ef487fd64eb20b3c8aeb897f,Computers_Accessories,267,16,16,16
078482c5821678267aeb55b8edcdcb29,Market_Place,250,19,14,16
0786b87f44a44896ee0a59373edfcc50,Housewares,3500,40,32,40
07883aa96515a898e1b9ddf0537a1b56,Furniture_Decor,300,16,2,11
078a6c96f58d2261cc4241dc9907b143,Computers_Accessories,533,25,3,12
078b7149a32b479d3cbf1649fea0172c,Books_Imported,300,16,14,16
078be1a14d008274672847d880f0bfd5,Fashion_Bags_Accessories,375,17,4,13
078cd7c7e05802e62f12b568aa50ed9a,Toys,700,30,5,30
078cec63541a67851b9057468288f722,Housewares,200,16,20,16
078e8db43688ea060cf754e7bd2b92e7,Bed_Bath_Table,475,65,4,45
078faa63eb55a5055713e141f098624c,Auto,1100,60,8,33
079189201e6c6f0b0f70d118fff53fd5,Health_Beauty,450,20,6,13
0795fbcdc1ae9c0d7106b8018ad341a8,Housewares,300,16,17,12
0797e47ffb3917b66fa62245a283bd9e,Furniture_Decor,2000,28,38,11
0798196b28c04c8e543322896c882902,Computers_Accessories,450,17,2,17
0799c9e16e4079d23e53f91ccdf0d8bf,Housewares,515,17,14,19
079b4f19f1705ffc39bdceabfa7fe7ad,Auto,2550,37,28,27
079f8274f5cca61e595fc11c5fd3aa2f,Auto,550,16,5,11
07a0953e98e93b89605297afa2d62c12,Fashion_Bags_Accessories,50,18,18,12
07a2b4290dce4edc619005d1a6348439,Fashion_Bags_Accessories,500,16,5,30
07a446d7cf0e22333d2032294c408cca,Stationery,11650,45,25,45
07a5b461cd248343de7826334c5a03aa,Sports_Leisure,600,40,10,11
07a5fb04bc32fff7f9bb683e5dac80ab,Health_Beauty,350,28,24,11
07a6879526099e7f3483481e5bd60b77,Sports_Leisure,3000,60,15,15
07a6e4e1f838d9d39277d13c9b411dc4,Fashion_Bags_Accessories,100,16,9,11
07a949f27854f64558f8babcfec441cc,Bed_Bath_Table,2800,40,20,40
07aa6a21d16be9ac95fbff7ab3ed81e9,Auto,2200,50,10,50
07abca077ba83f4feab7d89db0b74df1,Bed_Bath_Table,20850,50,50,50
07acd9ac393e5b30aded00de63d80e14,Sports_Leisure,400,23,11,15
07ae32b18ffbde7c6c928721e8b956fb,Sports_Leisure,3200,80,12,25
07b11fd090e8a63b2dcbb19a21d11323,Small_Appliances,250,20,20,20
07b6a220c2eaa7e458c5df73daec6e6e,Garden_Tools,4600,45,13,34
07b6a3b7bd0e9c54119f7c679edccca4,Watches_Gifts,400,16,11,11
07b90e3c7e287977b2e8cd54a98ddb89,Garden_Tools,500,20,20,20
